[
    {
        "username": "alice",
        "password": "password",
        "loggedtimes": 21,
        "minuteslogged": [
            12,
            8,
            19,
            33,
            22
        ],
        "position": "admin"
    },
    {
        "username": "carol",
        "password": "letmein",
        "loggedtimes": 15,
        "minuteslogged": [
            16,
            21,
            38,
            0,
            0,
            0,
            0
        ],
        "position": "User1"
    },
    {
        "username": "erin",
        "password": "0101",
        "loggedtimes": 9,
        "minuteslogged": [
            27,
            0,
            0,
            0,
            0,
            0
        ],
        "position": "User2"
    }
]