[
    {
        "username": "carol",
        "password": "letmein",
        "position": "user"
    },
    {
        "username": "erin",
        "password": "0101",
        "house": "gryffindor",
        "patronus": "chipmunk",
        "position": "user"
    },
    {
        "username": "admin",
        "password": "log",
        "position": "admin",
        "house": "gryffindor"
    },
    {
        "username": "ela",
        "password": "3456",
        "house": "Ravenclaw",
        "position": "user"
    },
    {
        "username": "hello",
        "password": "hello",
        "position": "user"
    },
    {
        "username": "login",
        "password": "trial",
        "position": "user"
    },
    {
        "username": "trial",
        "password": "trial1",
        "position": "user",
        "house": "slytherin",
        "patronus": "deer",
        "wand": "Blackthorn Wand"
    },
    {
        "username": "Ayesha",
        "password": "hello",
        "position": "user",
        "patronus": "deer",
        "house": "slytherin",
        "trial quiz": "1"
    }
]